a_km,e_osc,i_deg,raan_deg,u_deg,r_km,v_kms,period_min,hx,hy,hz,norad,object_id,rcs_m2,d_eq_cm,perigee_cat_km,apogee_cat_km,gp_epoch,age_days,mean_motion,mean_e,mean_i,mean_raan,mean_argp,mean_M
7231.3511371299865,0.001595357717085153,98.71611964337339,261.5368298913088,241.96193955707113,7240.21979245263,7.415262609981733,101.99735402982078,-0.9776877208592015,0.14547397300560336,-0.1515389179686359,29813,1999-025DF,0.0109,11.780624362746346,852.0,870.0,2026-09-01T13:21:16.293312,0.44356142,14.09520034,0.00121246,98.7131,261.1122,196.6676,315.6386
7180.697669275856,0.000436105345330398,99.44038886303248,42.43374449729141,279.64512172141076,7179.104194434094,7.4521560675906295,100.92754117162808,0.6655990750045941,-0.7280624011652514,-0.16402137471231332,30201,1999-025VJ,0.0066,9.166995688475081,794.0,834.0,2026-09-01T09:11:32.144352,0.6169890699999999,14.23418485,0.00281861,99.4348,41.7708,288.3371,71.474
7124.030071395445,0.0004238370251928758,98.83072943672934,2.0469489666459624,149.0578720036725,7121.057887867072,7.4831974721326375,99.7351731804695,0.035295000597999844,-0.9875156468014878,-0.15351583063328167,30237,1999-025WW,0.0077,9.901487006738307,735.0,754.0,2026-09-01T19:02:44.423808,0.20643028,14.44249702,0.0013391,98.8334,1.8276,240.178,276.259
7101.185911346424,0.0044846972815993785,98.62405058236106,339.14671594060695,58.66756828614918,7086.575225689269,7.507528825553063,99.25583659992341,-0.35195134414777823,-0.9239291840559868,-0.14995037246439563,30275,1999-025YL,0.0078,9.965574970333758,703.0,757.0,2026-09-01T17:48:03.699072,0.25829052,14.48638022,0.00380973,98.6215,338.8881,113.2412,39.6057
7176.72936957788,0.003457984968679576,98.84242675715528,324.97478292344806,29.54001037032727,7156.341010796654,7.4737642227032985,100.84388870277927,-0.5671155671345552,-0.8091667590706049,-0.15371756415200352,30276,1999-025YM,0.0111,11.888212206450685,779.0,815.0,2026-09-01T03:41:24.603936,0.84624301,14.28485609,0.0024925,98.8453,324.1222,48.8229,311.5096
7161.222510231888,0.004387045120347071,98.7070080490512,318.47631971487147,120.288200248981,7149.075747826404,7.473291948303104,100.51722312217375,-0.6552895220397483,-0.740053522086392,-0.151381725292204,30284,1999-025YV,0.0078,9.965574970333758,764.0,817.0,2026-09-01T17:19:17.982624,0.27826409,14.30411073,0.00369495,98.7043,318.1931,62.0666,65.7037
7166.808447540453,0.005210180064094622,99.01559366327778,335.3983983890092,243.30214304036687,7129.563996931575,7.496576032590342,100.63485507353273,-0.41116304848001767,-0.8979916664246326,-0.15670326925922837,30303,1999-025ZQ,0.0067,9.236181543108382,744.0,850.0,2026-08-31T18:16:57.787680,1.23822005,14.28445665,0.00733556,99.0122,334.1249,244.9438,114.4115
7206.46854239086,0.008877148455736034,99.02330749208106,325.891081677727,244.25291237639075,7260.575179998346,7.381538131857681,101.47135806728467,-0.5538281645641333,-0.8177265796874851,-0.1568362362725221,30304,1999-025ZR,0.0111,11.888212206450685,784.0,889.0,2026-09-01T16:04:09.957216,0.33044031,14.16669024,0.00722312,99.0198,325.5607,23.2799,337.1619
7230.087789875048,0.0014656504596690851,98.72369083061628,261.06309305985286,106.97255951596532,7238.977064630187,7.41588769495427,101.9706261514604,-0.9764317074858487,0.15354957981325437,-0.1516695327198011,30325,1999-025AAL,0.0052,8.136857890256438,851.0,873.0,2026-09-01T06:27:08.519040,0.7311514,14.09184011,0.0015319,98.7192,260.3525,229.1798,130.8045
7251.150933243239,0.0017421109166699195,98.74326670212287,263.0430126093473,185.25074715132413,7256.04503680683,7.4092166132894235,102.41655132843856,-0.9811023000243193,0.11971665506094999,-0.152007234656802,30352,1999-025ABP,0.0091,10.764051215546115,847.0,887.0,2026-09-01T13:36:38.666016,0.43288581,14.07750026,0.00273708,98.7486,262.6247,298.029,214.7945
7208.856167672069,0.0074189735473242785,99.01601418312127,325.22049245023817,322.6298812506351,7178.620733828286,7.467190640420225,101.52179101751734,-0.5633720608560036,-0.8112051125229465,-0.15671051803721778,30363,1999-025ACA,0.0071,9.507891862878783,776.0,886.0,2026-09-01T00:28:10.835040,0.9804301499999999,14.18266994,0.00766459,99.0175,324.2191,13.7916,346.5328
7214.38154178748,0.004885930726504472,98.79733044498435,280.7538651759671,71.08772687979301,7180.972596150141,7.467590853464356,101.63853353600076,-0.9708799311470826,-0.18439517157347532,-0.1529397920628398,30381,1999-025ACU,0.0072,9.574614729634384,806.0,886.0,2026-09-01T13:28:40.294272,0.43842252,14.13863071,0.00549907,98.793,280.3261,49.3081,311.2852
7105.680856328921,0.0037154800762681495,98.60729206713698,336.5035673624727,302.77415375461874,7116.350300515556,7.478490205119292,99.35009271242377,-0.3942016384868519,-0.9067560856521283,-0.1496611818312002,30446,1999-025AFH,0.0113,11.994835078277374,711.0,757.0,2026-09-01T17:37:35.499360,0.26556135,14.47385456,0.00324514,98.605,336.2285,26.3031,333.9801
7222.975015694281,0.007153716491813247,99.04716942699939,341.0742106953734,26.288970798831905,7272.537423841902,7.377865862642051,101.82018905153102,-0.3203081433000606,-0.9341712397205124,-0.15724753802431565,30471,1999-025AGJ,0.0099,11.227230955528666,784.0,900.0,2026-09-01T17:48:51.454080,0.2577378,14.15006159,0.00804075,99.0506,340.8174,230.8785,282.9443
7142.86192985219,0.004460923446189069,98.89315565037425,5.256497973412522,77.93397332324349,7132.787981863683,7.48075219314249,100.13089849043088,0.09051319431494394,-0.9838234403136391,-0.15459236703130114,30540,1999-025AKE,0.01,11.283791670955127,740.0,812.0,2026-09-01T19:19:48.822816,0.19457381,14.34768896,0.00501814,98.888,5.0587,11.2323,141.7591
7178.12761251555,0.005902134015348933,99.66986436752113,175.75235571104756,197.16841110406114,7197.401877432857,7.4318537876324635,100.87336127635766,0.07301513388023928,0.9830842098709386,-0.16797090976381301,30548,1999-025AKN,0.0105,11.562445770562217,748.0,843.0,2026-09-01T18:10:40.566144,0.24258604,14.28899016,0.00655854,99.6749,175.487,311.9556,78.6004
7221.208811674529,0.008627247313500386,98.73693383725403,244.91790809590364,258.93770766929094,7283.173157384797,7.3660932878948575,101.78284483406534,-0.895191741696587,0.4189973109642481,-0.1518979888048567,30561,1999-025ALB,0.0108,11.726460285670079,810.0,898.0,2026-09-01T16:14:25.000800,0.32332174999999996,14.11548172,0.00609502,98.7319,244.6054,87.8216,328.9288
7108.7369742728615,0.003747555174798019,98.9242366299759,219.1414082058112,311.80952406846745,7112.0687604704835,7.48460897598417,99.41419457370247,-0.6235949602717336,0.7662013701869641,-0.15512828835294348,30625,1999-025ANG,0.0078,9.965574970333758,705.0,764.0,2026-09-01T20:54:14.936544,0.12899379,14.47307825,0.00411428,98.9236,218.9997,236.4898,123.2359
7189.137322242233,0.004062615413252009,99.1838609097378,74.0796174717314,226.79857188571475,7218.315626478791,7.415967749190767,101.10552742644323,0.9493167293550677,-0.27078513622537964,-0.1596031245496138,30630,1999-025ANM,0.0064,9.0270333367641,795.0,833.0,2026-09-01T11:25:44.480064,0.5237907399999999,14.23249588,0.00265607,99.1835,73.5393,45.9085,18.5652
7186.561941371294,0.0021979089323162534,99.0350849537238,313.3369694898863,130.51373124014938,7191.961946652141,7.441868146135794,101.0512034007738,-0.7183056415667548,-0.6777725879263489,-0.157039244614181,30662,1999-025APU,0.0051,8.058239062071397,789.0,836.0,2026-09-01T15:40:52.002624,0.34662033999999997,14.23759567,0.00323855,99.0342,312.9754,235.5129,279.6692
7215.893876001626,0.0074458198988053325,99.22591088928894,229.3294237297175,67.87368129517321,7238.5110832115315,7.409050920017227,101.67049458895738,-0.7486574535598643,0.6432783868170802,-0.16032758428690438,30665,1999-025APX,0.0065,9.09728368293446,799.0,895.0,2026-09-01T22:06:59.882688,0.07847358,14.13654562,0.00668136,99.2218,229.2526,182.9242,206.5424
7143.260601659165,0.007412326213589535,98.22946774851964,284.9183507687216,8.652114850808438,7164.565876241355,7.447753994995799,100.13928166869411,-0.956343502188511,-0.2547913431552947,-0.14313796587535474,30677,1999-025AQK,0.0078,9.965574970333758,712.0,807.0,2026-09-01T16:12:14.908320,0.32482745,14.39733417,0.00665695,98.2345,284.6077,132.2051,354.5931
7179.103078768343,0.011284618580919855,98.5230635419656,270.48452549512183,282.5187059626131,7259.798630903991,7.368039925791486,100.8939241392482,-0.9889209231633616,-0.00836307362260172,-0.1482075123916049,30700,1999-025ARJ,0.0095,10.998079684646791,749.0,875.0,2026-09-01T19:18:30.506400,0.19548025000000002,14.2400247,0.00874458,98.5182,270.2928,96.9099,264.2038
7234.457758793631,0.001142261027759591,98.67883421221093,255.52733780232924,344.80833881734003,7240.406467769955,7.416667100161939,102.06308888623649,-0.957180044694208,0.24705640151265726,-0.1508956477530437,30708,1999-025ARS,0.0087,10.524820207108487,845.0,858.0,2026-09-01T12:53:22.751232,0.46293112,14.12316093,0.00085395,98.6835,255.0761,165.2622,347.2828
7183.351483307779,0.006284414051608779,98.88025964924498,333.6866048384661,216.48760601245766,7196.2678816513135,7.435743886622693,100.98349694699961,-0.43796721023864066,-0.8856379782726682,-0.15436999124468223,30718,1999-025ASC,0.0064,9.0270333367641,765.0,846.0,2026-09-01T11:12:18.969408,0.53311378,14.25899263,0.00565836,98.8819,333.1519,118.5395,242.1496
7109.591456932288,0.0018985495654249898,98.84605888801903,345.84162030114663,88.09573756490308,7116.863042724205,7.480013385505502,99.43211975330952,-0.2416935708073842,-0.9580896967295703,-0.15378020305298026,30723,1999-025ASH,0.0053,8.214724333230155,732.0,755.0,2026-09-01T17:40:08.900832,0.26378587000000003,14.44595356,0.00158743,98.8404,345.5678,193.4818,323.7507
7138.172472649608,0.007621877524190305,99.30626931935913,96.36474657655509,236.79919082731615,7091.096882589848,7.52210762448229,100.03230723455769,0.98075547057352,0.10939835458408087,-0.16171180214940714,30724,1999-025ASJ,0.0071,9.507891862878783,701.0,832.0,2026-09-01T10:06:27.155232,0.57885237,14.37572529,0.00921899,99.3039,95.7443,215.0428,267.2425
7109.760494578558,0.0024978967446707082,98.8574407150605,339.8523791531594,252.38665236471127,7124.164932310521,7.472424173240326,99.43566592150222,-0.34033247891614804,-0.927612551181343,-0.15397648744412218,30731,1999-025ASR,0.0063,8.95623198216277,732.0,752.0,2026-09-01T13:27:25.725024,0.43928559,14.45041953,0.00145552,98.8528,339.3981,181.0055,307.2629
7175.6530927018,0.006685145494968831,98.75260929131724,320.3275778522392,68.315739311357,7207.107341443886,7.420521747945846,100.82120457942825,-0.6309630078616183,-0.7607433612897149,-0.15216839673153512,30735,1999-025ASV,0.0054,8.291859587312052,764.0,849.0,2026-09-01T22:15:10.098144,0.07279979,14.25492994,0.00592526,98.7486,320.2588,201.134,214.3424
7216.45172965767,0.003036445989248201,98.68237447353056,251.36893903492629,249.43125436618803,7238.219881603304,7.409638080195121,101.6822848856831,-0.9367362669191729,0.31581202028229094,-0.1509567291761119,30741,1999-025ATB,0.0069,9.373021315815206,843.0,853.0,2026-09-01T11:39:21.610656,0.51433321,14.13372666,0.00073917,98.6783,250.8737,91.3756,62.4478
7211.83903427378,0.006236541862156183,98.83838985864206,307.27595519848694,131.40719463047125,7195.739747792956,7.451013848402424,101.58480877156596,-0.7862789746840594,-0.5984627668248993,-0.15364794399558585,30751,1999-025ATM,0.0113,11.994835078277374,800.0,875.0,2026-09-01T15:37:33.186720,0.34892144999999997,14.16380153,0.00521166,98.8377,306.9241,66.7328,85.914
7209.918515215369,0.0057122063920412155,98.97109537420177,320.9075252514979,167.59116233914386,7229.6363420896705,7.415082538420815,101.54423328771416,-0.6228601494455271,-0.7666349479883829,-0.15593617526265344,30756,1999-025ATS,0.0083,10.280023453913834,776.0,877.0,2026-09-01T04:51:59.148288,0.79723208,14.19650542,0.00701378,98.9762,320.0972,288.1919,127.8215
7105.43245481605,0.0025484764353477943,98.61034528475506,345.5321965241313,181.87425159785633,7117.856967003394,7.476773509494064,99.34488311362162,-0.24702011859249826,-0.9573749621210672,-0.14971387014646753,30768,1999-025AUE,0.0095,10.998079684646791,705.0,738.0,2026-09-01T13:49:00.429024,0.42430059000000003,14.51383711,0.00232636,98.6159,345.0979,24.2265,101.7565
7193.2106745812025,0.00585101402293979,98.67386548200433,342.1699463996438,146.50156771954425,7152.319338565533,7.486457504998818,101.19146891345034,-0.3026926711073905,-0.9410810353256754,-0.15080991946230793,30820,1999-025AVE,0.0103,11.451797811161432,776.0,853.0,2026-09-01T05:03:00.813312,0.78957392,14.23248132,0.00530121,98.676,341.3867,147.1516,275.9885
7118.683741308665,0.0036482634509151335,99.32583998733456,87.48885964789453,245.69589282385783,7105.938833270313,7.496293406203892,99.6229227198906,0.9858351476615239,-0.04323454079989582,-0.16204886953324735,30846,1999-025AWG,0.0102,11.396070970426019,712.0,786.0,2026-09-01T20:06:02.643840,0.16246939999999999,14.42771023,0.00519803,99.3219,87.3159,285.5093,197.1251
7185.887833387918,0.004322431372936283,98.88619080768534,327.6132464434309,0.7709419949073532,7206.141672606003,7.4268488212662485,101.036985651163,-0.5292024580577437,-0.8343159334848665,-0.1544722677988444,30860,1999-025AWW,0.0088,10.585134856802455,773.0,830.0,2026-09-01T22:18:49.011552,0.07026607,14.27039479,0.00397019,98.8918,327.542,146.8868,213.4809
7139.9582164016065,0.0034796068149872024,99.16067296578721,321.15443330129045,187.9824356339667,7163.1731684848855,7.447473680538254,100.06984693534451,-0.6192236620745978,-0.7689058929375563,-0.15920359334143078,30872,1999-025AXJ,0.0061,8.812923024107548,727.0,785.0,2026-09-01T00:22:34.078080,0.9843278,14.40747274,0.0041219,99.1663,320.102,339.5326,146.0611
7226.917090627589,0.0029488925365011727,98.72802248718365,244.44517417201376,315.9306718351573,7217.950424840055,7.435859837293813,101.90355585842296,-0.8917255663603977,0.42637916700608,-0.15174425933928906,30878,1999-025AXQ,0.0107,11.67204486311899,823.0,880.0,2026-09-01T11:19:58.202688,0.52779858,14.12360981,0.0039055,98.7282,243.9257,267.2079,246.3768
7191.696410545941,0.003668816920398143,99.1912510630292,155.08098581865232,333.9321301187522,7172.5624043282705,7.464636915062071,101.1595174224313,0.41592711838894336,0.8952601939019111,-0.15973045233574704,30886,1999-025AXY,0.0077,9.901487006738307,785.0,837.0,2026-08-31T22:49:53.561568,1.04868563,14.24288011,0.00361804,99.1948,153.9797,9.3041,350.8798
7183.782165468471,0.005905465028088539,98.92837055105063,331.32520856689155,204.28188062482843,7178.0798916032345,7.45481792338267,100.99257887261221,-0.4740234058102816,-0.8667265461213888,-0.1551995650525779,30915,1999-025AZD,0.0091,10.764051215546115,764.0,841.0,2026-09-01T11:16:10.434144,0.53043479,14.26764492,0.00534015,98.9321,330.7883,127.5471,233.0577
7111.451623450742,0.0029803952748331084,98.8952517080913,34.04356634073793,136.74082200288154,7090.689385659878,7.508578159472007,99.47114570837773,0.5530899523637384,-0.8186461558043178,-0.15462851024662358,30925,1999-025AZP,0.0081,10.155412503859612,712.0,759.0,2026-08-31T21:30:56.390400,1.1035139999999999,14.46938232,0.00327384,98.8956,32.8792,173.0246,338.9409
7166.100538369646,0.004526103127005592,98.91260154342572,188.37787990335238,126.74054442749089,7186.984396539694,7.436383697740238,100.6199449685484,-0.14394186887437485,0.9773833201755807,-0.15492767289128967,30932,1999-025AZW,0.0055,8.368283871884003,755.0,831.0,2026-09-01T01:33:58.667904,0.9347376399999999,14.29503393,0.0053068,98.911,187.4167,252.0507,107.4884
7184.410509688418,0.0027299307991648027,98.55947016193521,274.00099644054995,235.15439028643576,7165.078583366013,7.468646899020148,101.0058294464743,-0.9864518941374018,-0.06899667555114927,-0.14883588047114824,30936,1999-025BAA,0.0112,11.941642642883693,780.0,845.0,2026-09-01T15:03:00.767808,0.37290777999999997,14.2388173,0.00453918,98.5576,273.6432,244.5804,240.1473
7236.999128457723,0.004709445526549834,98.63519048777705,238.99145372086983,127.47707956926394,7262.5435912392595,7.395315224542876,102.11687373599956,-0.8473747914170741,0.5093261850012757,-0.1501425993611296,30940,1999-025BAE,0.01,11.283791670955127,835.0,893.0,2026-08-29T22:14:08.473344,3.07351304,14.08651808,0.004072,98.6338,236.0434,347.0523,42.5721
7132.901852232269,0.004677487088468628,99.70303352143513,232.91631789403,216.70785946506595,7117.620985297603,7.4914546936715425,99.92153623799027,-0.7863434342002605,0.5943548969847657,-0.16854156733687115,30959,1999-025BAZ,0.0086,10.464157913908984,721.0,789.0,2026-09-01T04:40:12.756576,0.80540791,14.41045718,0.00481687,99.7048,232.0092,168.0777,192.156
7142.675479635155,0.004492129171826306,98.22664995116129,281.69550063351426,203.05996797874664,7128.904985952793,7.484722679484412,100.12697793881456,-0.9691621531230505,-0.200624463586184,-0.14308929227810402,30978,1999-025BBU,0.0077,9.901487006738307,732.0,790.0,2026-08-31T08:41:08.637792,1.63809447,14.39193266,0.0040566,98.2303,280.127,150.6664,209.6814
7236.763453877856,0.0026812776484442936,98.69449024616704,250.54458959283915,187.93366613048232,7224.930160300683,7.433731017537579,102.11188558657008,-0.9320655712784419,0.32924562720574413,-0.15116576266895873,30994,1999-025BCL,0.0074,9.706684619910243,840.0,866.0,2026-09-01T23:06:52.041312,0.03689767,14.11907747,0.0018378,98.6997,250.5103,146.1599,214.075
7198.457346155996,0.005542579399152203,99.02536131040472,340.8454551123485,107.16193530305696,7160.143326370195,7.481018662770386,101.30220149749714,-0.3240549097913536,-0.932941426075529,-0.15687163845729385,31018,1999-025BDL,0.0112,11.941642642883693,788.0,873.0,2026-09-01T16:43:43.504320,0.3029687,14.18455866,0.00587061,99.0207,340.5343,98.0259,262.7582
7181.844936160136,0.003642521227092617,98.7457556416595,310.8776536030585,304.5972625665784,7197.664734284651,7.4335151827522825,100.95173007135148,-0.7473173270140085,-0.6468365779527576,-0.1520501699012644,31030,1999-025BDY,0.0057,8.51907589177983,790.0,829.0,2026-09-01T10:50:03.315264,0.54857274,14.24625124,0.00272995,98.7438,310.3264,44.5993,328.5309
7203.810391352712,0.003387768867955789,99.0690581842095,174.26748252884397,13.83109776513534,7215.003843060236,7.426991613875752,101.41522072620197,0.09863581619816716,0.9825606325915623,-0.15762480466027617,31031,1999-025BDZ,0.0089,10.645107772184812,800.0,841.0,2026-08-31T00:55:12.170784,1.96166469,14.21411503,0.00280224,99.0741,172.255,159.0573,262.6912
7224.783560025221,0.0032597131499421082,98.70964837046179,240.68704106705124,330.20194194144176,7247.760920629061,7.404150758951693,101.85843323453008,-0.8619034871281203,0.48393404390776,-0.15142727635227538,31047,1999-025BER,0.0109,11.780624362746346,826.0,864.0,2026-09-01T11:16:27.295104,0.53023964,14.14216655,0.00260871,98.7124,240.1653,147.7655,4.5306
7235.612561085694,0.0022719721839455096,98.67905986497371,254.92737022825875,175.4278158554618,7230.815017654142,7.427098660827437,102.08752763401516,-0.9545400122404258,0.2570655432881001,-0.1508995410398636,31054,1999-025BEY,0.0072,9.574614729634384,844.0,859.0,2026-09-01T11:59:44.536992,0.50017897,14.12309889,0.00109802,98.6844,254.4419,94.6048,58.9381
7085.95230183269,0.0028942811213210915,98.87602463793063,26.250371564766198,270.9696176156577,7103.4949677241875,7.481601842852039,98.93661946939241,0.4369978164124969,-0.8861294239479678,-0.15429696194142206,31097,1999-025BGT,0.0078,9.965574970333758,709.0,731.0,2026-09-01T03:09:23.192352,0.86848157,14.51799797,0.0015187,98.8703,25.3338,192.63,221.6756
7179.312481173148,0.005613677411011317,98.90940475126246,148.3348323449322,337.5949662323297,7188.93982110349,7.441235983365111,100.89833853144498,0.5186204541889471,0.8408610570144832,-0.15487255177511708,31099,1999-025BGV,0.0051,8.058239062071397,753.0,842.0,2026-08-31T23:10:20.178912,1.03448867,14.28236989,0.0062018,98.9134,147.275,240.1708,180.8565
7226.769473289566,0.0027878151075919158,98.68405549018206,250.7408589664497,38.900780966586716,7224.9649438766455,7.428570183206189,101.90043364434895,-0.9332139210367462,0.326059942747535,-0.15098573216928765,31150,1999-025BHC,0.0075,9.772050238058398,838.0,861.0,2026-09-01T12:38:10.654080,0.4734878,14.12872378,0.0015779,98.6852,250.287,131.3291,20.8673
7188.914328140225,0.006476104504542817,98.51509732005577,255.98178348587598,189.22318032572005,7150.021835182182,7.486637720841896,101.10082329565854,-0.9595239247133258,0.23956024325338765,-0.14807000964109374,31196,1999-025BKA,0.0106,11.617374563210367,763.0,847.0,2026-08-31T18:29:27.321504,1.22954489,14.2602505,0.00582419,98.5202,254.7879,165.2836,195.0056
7114.749160380115,0.0006597600586167292,98.8822033417063,357.42502082722183,22.823130582570432,7115.495118422839,7.484168504283547,99.5403399773219,-0.04438797039520558,-0.9870102657491044,-0.15440350834769467,31209,1999-025BKP,0.0106,11.617374563210367,719.0,748.0,2026-09-01T13:56:32.492832,0.41906836999999997,14.47705114,0.0020192,98.8862,356.9891,275.435,84.4537
7233.135808936013,0.0023656427248843655,98.72304265608257,243.95539705179337,337.6054043901274,7245.890008773329,7.410368162884329,102.03511523709305,-0.8880600925847755,0.4339919545215484,-0.15165835080497947,31210,1999-025BKQ,0.0099,11.227230955528666,839.0,864.0,2026-09-01T11:13:37.785216,0.5322015600000001,14.1229995,0.00177331,98.7269,243.4334,127.9451,25.5287
7205.155810223982,0.005536327528301199,98.64732037280521,280.58197624596414,193.0575620130069,7233.591597613368,7.40854987303521,101.44363325686622,-0.9718190343970992,-0.1815545917045441,-0.15035190259682774,31211,1999-025BKR,0.0106,11.617374563210367,785.0,858.0,2026-08-31T08:13:54.334272,1.65701002,14.21029286,0.00508008,98.6522,278.9617,54.7036,305.8877
7168.688554265675,0.014791508191501898,98.36974905648667,238.14987745049285,281.7829387265046,7257.698137668475,7.364722093395083,100.67445778038547,-0.8403843664065578,0.5220787308128689,-0.1455606936376443,31226,1999-025BLG,0.0074,9.706684619910243,710.0,893.0,2026-08-30T05:03:53.422272,2.78896502,14.27073089,0.01272824,98.3649,235.4796,148.8587,212.0218
7227.132898758333,0.005089818775128444,98.7776492763149,238.2326844919847,250.60746257761085,7236.4789781263935,7.41693102743131,101.9081204147489,-0.8402356827157786,0.5203048519096513,-0.15260032296959608,31239,1999-025BLV,0.0106,11.617374563210367,823.0,895.0,2026-09-01T22:57:29.166048,0.04341243,14.10173262,0.00494608,98.7734,238.1938,172.7867,216.9591
7126.809530374941,0.006032348968444474,99.2709055594779,57.372850525064926,97.50253390449777,7091.575359246588,7.5156826548289795,99.79354678150702,0.8311959355433315,-0.5321270927894408,-0.1611026810940891,31241,1999-025BLX,0.0078,9.965574970333758,713.0,808.0,2026-09-01T10:12:12.735360,0.5748526,14.39458361,0.00665607,99.2652,56.7504,133.1612,227.5163
7212.076287700806,0.007544358506483019,99.00049115019637,331.9049160360451,313.0000158357219,7260.150592689609,7.384885498545268,101.58982168341532,-0.4651375545707831,-0.8713051500214015,-0.156442931684672,31259,1999-025BMR,0.0083,10.280023453913834,791.0,884.0,2026-09-01T22:49:08.391648,0.049208430000000004,14.16457818,0.00649219,99.0001,331.8495,168.9332,252.9294
7131.601581366685,0.0056347795196359405,99.03747116276047,218.0005092170187,35.77973558646639,7155.251598544598,7.451352804594153,99.89421513982047,-0.6080254606713494,0.7782228440391878,-0.15708037493891921,31261,1999-025BMT,0.0095,10.998079684646791,718.0,789.0,2026-09-01T03:50:34.164960,0.8398823500000001,14.41528667,0.00493678,99.0393,217.1179,176.3359,183.8199
7182.960834056681,0.012633036292056166,99.06404633017512,130.03210517268988,293.7596706584293,7261.59602431777,7.368219013973297,100.97525944298648,0.756122936098196,0.6351848159446079,-0.1575384242007576,31272,1999-025BNE,0.0086,10.464157913908984,737.0,891.0,2026-08-30T21:42:14.728032,2.09566287,14.23466282,0.0106854,99.0602,127.8706,84.7543,276.5816
7171.237091376842,0.0034623764769195634,99.38786240887121,326.2407074941748,213.919330870826,7195.965347881656,7.429751410581307,100.7281486455989,-0.5482623740960311,-0.8202446133856032,-0.16311696221572428,31287,1999-025BNV,0.006,8.740387444736633,773.0,812.0,2026-09-01T11:14:48.694560,0.5313808499999999,14.29752465,0.00267873,99.3901,325.6738,32.085,328.1954
7198.718185523551,0.007819128336330649,98.99581340201274,347.3688901026557,69.24132911681934,7227.75833984779,7.411213366365297,101.3077076442171,-0.2159833731102402,-0.9637956295067839,-0.15636229431530116,31325,1999-025BQD,0.0097,11.11324596323283,779.0,881.0,2026-09-01T13:30:51.610176,0.43690266,14.18613023,0.00706635,98.9916,346.9299,191.8049,168.1472
7225.3580953427245,0.005757008386048392,98.70401302280344,252.76659736901493,226.6598471109989,7258.607356753592,7.393339901961485,101.87058358413326,-0.9441061295922674,0.2928529164758658,-0.15133005444355185,31332,1999-025BQL,0.008,10.092530088080641,815.0,886.0,2026-09-01T23:04:00.540768,0.03888263,14.12583459,0.00493049,98.7037,252.7343,357.5293,31.8544
7188.529818100377,0.008305682452714652,98.7043179493818,86.91236810057327,131.22896093213407,7164.086199519809,7.471806454451167,101.09271210668012,0.9870475250909869,-0.05324289256335261,-0.1513353151225611,31338,1999-025BQS,0.0113,11.994835078277374,762.0,867.0,2026-08-31T08:35:11.682240,1.6422259000000001,14.23241318,0.00730162,98.7036,85.2832,72.8444,288.0712
7213.683290048632,0.00425915233753981,98.57972652148744,272.9057706414916,192.536471829019,7195.106369710927,7.452616343454746,101.62377809955892,-0.9875378756012224,-0.0501262279540026,-0.14918547356940584,31357,1999-025BRM,0.0086,10.464157913908984,795.0,865.0,2026-09-01T13:39:14.952384,0.43107694,14.18557746,0.00487841,98.5846,272.4909,253.7895,258.9299
7216.215019588942,0.005607819698491423,98.5771148180532,216.0689730816299,10.985476493569294,7181.320329563991,7.4681708300264305,101.67728193738498,-0.58217406675379,0.7992687263237594,-0.14914040069729315,31361,1999-025BRR,0.0108,11.726460285670079,800.0,866.0,2026-09-01T03:37:30.993888,0.84894683,14.17874121,0.00458242,98.5821,215.2506,35.0664,325.3514
7225.922577045475,0.0038257120126280416,98.76807114985456,243.0016320845457,85.30255425630293,7253.494113746467,7.398865207082867,101.88252178902971,-0.8806065404426868,0.44865984721945495,-0.15243510889089087,31370,1999-025BSA,0.0111,11.888212206450685,836.0,883.0,2026-08-30T18:48:00.369504,2.2166623899999998,14.09999851,0.00326205,98.7627,240.8439,279.0958,80.6523
7117.174111375021,0.006553437915731692,99.0631293849235,237.56477626222747,64.36880409041474,7080.281709082216,7.522571264039281,99.59123446584267,-0.8334613561701439,0.5296496878715923,-0.15752262030752695,31428,1999-025BTQ,0.0112,11.941642642883693,702.0,793.0,2026-08-31T22:52:36.727968,1.0467971299999999,14.43310708,0.0063854,99.0595,236.4567,98.0934,290.7147
7164.852341176682,0.008707166326318665,98.40090457995674,143.2472852041817,275.79402355739364,7150.249329348733,7.473954027688217,100.593657018141,0.5919421505392302,0.7926283339230981,-0.14609864707547807,31433,1999-025BTV,0.0063,8.95623198216277,729.0,868.0,2026-09-01T16:07:28.272000,0.32814499999999996,14.27991927,0.00964454,98.3957,142.9307,338.1583,52.6628
7108.300608932279,0.0031105572656933457,98.86206364890344,342.0549502834924,294.95450811637124,7128.397700255359,7.467205846337405,99.4050409976249,-0.30442660090998985,-0.9399952812507513,-0.1540562101465267,31437,1999-025BTZ,0.0091,10.764051215546115,728.0,750.0,2026-09-01T17:39:29.187072,0.26424552,14.45968162,0.00152878,98.8584,341.7747,182.7373,177.3736
7210.3165191585,0.00613794049344054,98.6845854267012,229.6985878932378,244.31613514667362,7251.547779614456,7.392787776699133,101.55264161360103,-0.7539082324759134,0.6393926216715872,-0.15099487526727123,31452,1999-025BUQ,0.0061,8.812923024107548,811.0,870.0,2026-09-01T05:53:18.035232,0.75465237,14.15512242,0.0041348,98.6812,228.9681,96.9501,263.6379
7198.976766411759,0.003698639737953265,99.30137283523285,171.11781515880864,294.7627694565564,7191.833922743357,7.448424331980209,101.31316621439444,0.15237307210731196,0.9750174403231733,-0.16162746660833072,31491,1999-025BWE,0.0079,10.02925341359355,794.0,864.0,2026-08-30T18:08:45.196224,2.24392134,14.18784353,0.00485625,99.2976,168.762,251.7732,107.8153
7205.541204725195,0.007246135582027088,99.0887609981498,345.13632960859206,91.5046014026479,7229.818059698063,7.412630592118483,101.45177249956856,-0.2532993333927971,-0.9544038473175878,-0.15796437550331105,31502,1999-025BWR,0.0056,8.444016491289505,788.0,890.0,2026-08-30T02:01:50.505312,2.91538767,14.15928835,0.00703559,99.0831,342.1648,213.3556,146.3174
7200.324203757351,0.006184123079355106,99.23344713987164,163.23538395181825,192.52572135864602,7209.760831344182,7.430596565554262,101.34161182600057,0.28470314144571,0.9450912863946032,-0.16045741376433262,31514,1999-025BXD,0.0107,11.67204486311899,778.0,856.0,2026-08-30T17:05:02.845536,2.28816151,14.22483423,0.00541097,99.2387,160.8407,93.2265,267.5103
7165.675318557456,0.0051983141351998365,98.94105477323575,148.5708003678828,255.69935336779236,7154.600092732509,7.469844623252988,100.61098926959458,0.5151083588567377,0.8429166880659271,-0.15541826023954514,31533,1999-025BXY,0.0107,11.67204486311899,752.0,845.0,2026-08-31T11:29:17.281536,1.5213277600000001,14.28044128,0.00644333,98.9361,147.0174,311.3987,48.1665
7164.74063565804,0.003488258483304151,98.98566913487197,314.02546866310695,332.26766267166994,7165.481086406588,7.458023857596438,100.59130452943025,-0.7102065928570307,-0.6864488951701364,-0.15618741877022907,31553,1999-025BYU,0.011,11.834540545406396,763.0,805.0,2026-09-01T16:27:19.371168,0.31435913,14.32206419,0.00294006,98.9889,313.6951,56.0131,96.7951
7129.970718101497,0.0024446144036923347,98.9382576204428,319.97418614961765,124.42926928164975,7146.655843790203,7.45948256527148,99.85995120418877,-0.6353226923580848,-0.7564557020662289,-0.15537003374641806,31566,1999-025BZH,0.0101,11.340070282773887,742.0,774.0,2026-09-01T10:41:59.678304,0.55417039,14.40167688,0.00222905,98.9362,319.3907,299.0101,193.8699
7103.034276742991,0.0025503936063114674,99.19584832602817,262.28110980200853,146.68756085656327,7112.567195942522,7.481076047960751,99.29459202622952,-0.9782032723840078,0.13258669158915834,-0.15980965900301566,31656,1999-025CBN,0.0069,9.373021315815206,710.0,738.0,2026-09-01T12:26:33.814752,0.48155307,14.50455792,0.00195683,99.1982,261.75,355.6902,157.7345
7181.672822490346,0.006072878838375259,98.8472600663981,331.9441248185847,330.8739329435158,7221.618823877286,7.4086728218211855,100.94810111483915,-0.46473631247248026,-0.8719893562658417,-0.1538009181655436,31661,1999-025CBT,0.0054,8.291859587312052,760.0,844.0,2026-08-31T11:43:22.516320,1.51154495,14.27024762,0.00582899,98.8502,330.4105,185.8706,303.8955
7178.241714759742,0.005803802624512477,98.87325259908411,340.49027418889347,24.046159951984492,7216.758674794848,7.4118989881772,100.87576648352206,-0.32996994379946454,-0.9313039422473579,-0.15424915994425453,31691,1999-025CCZ,0.0111,11.888212206450685,754.0,840.0,2026-08-31T12:34:57.768672,1.4757202699999998,14.28422892,0.00596398,98.877,338.994,199.188,160.7054
7141.702384535026,0.0020539054113542627,98.87111713348854,10.853731782002138,190.6547347353442,7139.617296569096,7.472997041326857,100.10651717029718,0.18604989323081375,-0.9703628151189843,-0.15421233499030745,31727,1999-025CEA,0.0096,11.055812783082736,737.0,779.0,2026-09-01T03:41:06.277632,0.84645512,14.40146847,0.00289867,98.8764,9.9787,281.2286,203.6671
7133.718447440077,0.0020084109516079938,99.28755834657225,321.40149077495045,180.29486176641888,7135.20718116939,7.4734351914188375,99.93869568822844,-0.6156809570086117,-0.7712913721849348,-0.16138952373075682,31731,1999-025CEE,0.0075,9.772050238058398,741.0,758.0,2026-08-31T10:33:04.330080,1.56036655,14.42749102,0.0011707,99.2935,319.7022,60.34,299.8951
7129.269042536613,0.0051732169811873775,98.58501267374267,355.3202397255923,348.6732733160762,7158.421129024976,7.446814142894454,99.84521042196913,-0.08067230316502473,-0.9854990847143501,-0.14927670122704492,31735,1999-025CEJ,0.0087,10.524820207108487,704.0,787.0,2026-08-31T18:06:57.951360,1.2451626,14.43884673,0.00585211,98.5901,354.0615,215.6543,144.0733
7129.493471319445,0.002810863093686271,99.8076239794475,101.30915077649279,184.94289967635206,7143.291126678847,7.462752904094683,99.84992513716578,0.9662523619716448,0.19323676235095724,-0.17034061952551757,31740,1999-025CEP,0.0088,10.585134856802455,727.0,763.0,2026-09-01T13:18:35.112384,0.44542694,14.43995534,0.00253184,99.8138,100.7972,31.3467,359.1402
7152.933551816061,0.0033936891298029905,99.15363184292757,192.34635126872544,233.16886507680888,7152.504437742376,7.465395944127296,100.34275390193629,-0.211097792580302,0.9644327626850959,-0.15908226873953293,31743,1999-025CES,0.0098,11.170383851240114,754.0,806.0,2026-08-31T01:58:03.078912,1.91801992,14.33450299,0.00363476,99.152,190.3254,177.768,242.7044
7125.611195830805,0.005113446153166723,99.06081016349376,231.61196193586483,210.07985242979413,7109.025460642936,7.496675329973347,99.76837822042742,-0.7740423832025174,0.6132353583644412,-0.15748264748156457,31754,1999-025CFD,0.0094,10.940041919714261,710.0,781.0,2026-08-31T22:05:08.945088,1.07975758,14.43837525,0.0049667,99.0637,230.4679,158.999,201.3253
7143.282382493363,0.006281808117984013,98.92992298397415,60.500237293436115,311.84982035258747,7098.997318712581,7.51644422171518,100.13973967776204,0.8598080707585559,-0.48645130012009613,-0.15522633175437142,31782,1999-025CGH,0.0101,11.340070282773887,713.0,825.0,2026-09-01T10:58:46.684128,0.54251523,14.36830191,0.00778791,98.9293,59.932,303.9063,83.267
7207.2198913818365,0.01039674898675178,100.29607098604356,281.70109775326137,10.137988314789233,7133.9728988598,7.512749173656753,101.48722764110438,-0.9634508534812096,-0.1995403309210317,-0.17873474553721738,31844,1999-025CJJ,0.0103,11.451797811161432,750.0,897.0,2026-09-01T20:34:21.593568,0.14280563,14.20578279,0.01015255,100.3021,281.5372,351.1878,8.7509
7141.760203783982,0.006488340288744668,98.82903021168167,24.73815757280033,67.93563005903282,7124.638852690067,7.488716967344214,100.10773286685843,0.4135134416025969,-0.8974678379998404,-0.15348652504330024,31929,1999-025CME,0.0064,9.0270333367641,721.0,825.0,2026-09-01T15:19:29.436960,0.36146485,14.35621014,0.00727063,98.825,24.3724,1.2767,358.8591
7176.033063681822,0.0018417074388622468,99.37382995523396,330.4223244444996,173.4541325423469,7187.17725761258,7.441358427556195,100.82921283426353,-0.4870117933311674,-0.8580740886819003,-0.16287532498536078,31948,1999-025CMZ,0.0057,8.51907589177983,777.0,807.0,2026-08-31T17:40:08.965632,1.2637851199999999,14.29915785,0.00209833,99.3796,329.0606,353.5435,157.838
7156.873228001478,0.012169934784789891,101.47202262400053,303.6809648151609,287.2423226455046,7228.697242905664,7.388370121753685,100.42566514034168,-0.815513898082963,-0.5434888059705065,-0.198889416053956,32106,1999-025CQY,0.0097,11.11324596323283,715.0,862.0,2026-09-01T09:14:16.456416,0.6150873099999999,14.30912795,0.0102304,101.4661,302.8677,67.6014,293.5959
7185.96814786084,0.0032758963257049824,98.58959794839808,289.86218253552573,321.9494294231006,7191.422083937383,7.442119293808238,101.03867954517656,-0.9299633387568979,-0.3359479482789522,-0.14935583221048238,32117,1999-025CRK,0.009,10.704744696916627,789.0,829.0,2026-09-01T14:04:00.208128,0.41388648,14.24983794,0.00278621,98.5909,289.4518,48.8056,311.552
7161.027242892423,0.005612675054889965,99.07356756378866,19.331615521286704,46.83869861239771,7134.026343118189,7.488912476047706,100.51311189739991,0.32689277359124186,-0.9318106183944983,-0.1577025238259932,32129,1999-025CRX,0.0084,10.341765891652821,740.0,833.0,2026-09-01T21:08:03.147072,0.11940802,14.31616046,0.00643874,99.0732,19.2127,351.8307,159.4175
7142.658759665595,0.007271556737750346,98.92008622178615,66.32820672060431,324.2913683547496,7112.252025015432,7.5021849419628595,100.1266263648739,0.9047835505796656,-0.3966410696654717,-0.15505672657154973,32130,1999-025CRY,0.0064,9.0270333367641,706.0,823.0,2026-09-01T07:28:03.846432,0.68884437,14.38200593,0.00814429,98.9219,65.6075,274.9843,84.2049
7140.950117971189,0.007883809463290559,98.27699296269404,238.60418302749852,144.97494518464444,7102.8338309505025,7.511195158662045,100.09070060475678,-0.8446975742359057,0.5155209583803442,-0.14395884672568074,32136,1999-025CSE,0.0109,11.780624362746346,714.0,811.0,2026-09-01T04:58:30.431424,0.7927033400000001,14.38773231,0.00674777,98.2788,237.8343,104.5617,256.3067
7124.359832150039,0.004625972108858951,99.5284281482582,287.4425934577808,332.34670909081996,7093.995060998853,7.511851340421191,99.74209814981154,-0.9408557383175994,-0.2956146127640221,-0.1655369457106851,32163,1999-025CTH,0.0085,10.403141895720198,709.0,779.0,2026-09-01T07:30:06.160320,0.6874287,14.44429102,0.00489079,99.5319,286.6677,348.986,11.0253
7227.2743373152125,0.0004639523703899227,98.67948084981529,246.3646116704407,158.1673129609214,7224.551497298897,7.4292545009857545,101.91111201768642,-0.9056239243225643,0.39632366073567055,-0.15090680447108962,32205,1999-025CVB,0.0109,11.780624362746346,838.0,853.0,2026-08-31T20:38:36.331872,1.13985727,14.14063379,0.00097794,98.6834,245.2534,260.9016,217.9344
7157.989928257226,0.008073786915989572,99.01095866262982,211.7997024389083,25.259669093097603,7100.220177562138,7.5227818569257865,100.44917046246111,-0.5204479595907212,0.8394063620551458,-0.15662337213583563,32224,1999-025CVW,0.0083,10.280023453913834,722.0,832.0,2026-09-01T20:32:10.554144,0.14432229,14.34446902,0.00762323,99.0146,211.6537,17.8972,342.487
7151.466916887994,0.005864330196631792,100.34444462345627,160.29625424678176,179.26841196651802,7182.481585522236,7.433405924079848,100.31189412057492,0.3316766751717425,0.9261462425292958,-0.17956536580277715,32320,1999-025CXM,0.0071,9.507891862878783,727.0,807.0,2026-08-31T12:05:21.094368,1.49628363,14.37361871,0.00561934,100.351,158.4986,34.3869,326.0928
7242.266666885597,0.005274333397453536,99.54491077865204,7.1363015643473835,203.12706714684472,7280.427921592746,7.379776480655094,102.22838454632776,0.12251032381064726,-0.978516598672411,-0.16582064612823702,32324,1999-025CXR,0.0071,9.507891862878783,825.0,897.0,2026-08-28T03:11:54.521088,4.86673008,14.09571805,0.00501043,99.549,1.9832,31.8291,328.5888
7156.2712516589,0.003523715815503462,98.6744095836,323.1231155954405,168.5489011212896,7166.786901213251,7.452248436627609,100.41299495572898,-0.5932332414000113,-0.7907767433804531,-0.15081930720780104,33613,1999-025DCW,0.0105,11.562445770562217,752.0,793.0,2026-08-31T10:25:21.928512,1.5657184199999998,14.35707366,0.00287819,98.6795,321.5456,37.7192,322.6004
7205.651328348982,0.0059362691725975015,98.84677424130989,318.68570929548156,222.2827037578599,7246.10602849455,7.395950236066266,101.45409826786201,-0.6523348643495246,-0.7421637820966273,-0.15379253979994406,33619,1999-025DDC,0.0052,8.136857890256438,794.0,865.0,2026-08-29T22:10:33.485088,3.07600133,14.18765056,0.0049776,98.8473,315.623,24.0223,336.3259
7171.961542671483,0.004314829471262244,99.40524915673069,316.59903091546227,228.63403579633882,7202.617101243646,7.423241142333549,100.74341263973739,-0.6778632507113965,-0.7167960037932057,-0.1634163464316497,33682,1999-025DFT,0.0076,9.83698151873187,778.0,818.0,2026-08-30T15:26:56.142240,2.35629465,14.28184103,0.00279799,99.4045,314.0691,61.9373,298.463
7190.758235580425,0.007700254396368283,99.14320538689955,242.98943538561323,4.338973337099675,7144.608944151706,7.493225879010875,101.1397232960963,-0.8796029679923546,0.44838441099265275,-0.1589026075236425,33691,1999-025DGC,0.0053,8.214724333230155,758.0,855.0,2026-09-01T10:30:15.778368,0.56231738,14.25588724,0.00668932,99.1489,242.4039,34.4502,326.0986
7228.678862711346,0.006606973956787919,98.98354792195599,349.2470688014397,323.0533019715864,7273.672369892896,7.3796574917156885,101.94082108065854,-0.18428563095406353,-0.9703894671709568,-0.156150850870334,33710,1999-025DGX,0.0103,11.451797811161432,810.0,891.0,2026-09-01T12:16:31.560960,0.48852359999999995,14.12473548,0.00560085,98.9851,348.7519,125.9054,234.7335
7166.338538255415,0.008140197508659673,98.88107598655998,182.13882665016502,177.88931757101332,7204.792018557547,7.418051554561989,100.62495768099538,-0.03687345442569366,0.9873225956290318,-0.15438406821646986,33716,1999-025DHD,0.0111,11.888212206450685,716.0,848.0,2026-08-29T01:18:54.947232,3.94519737,14.32874367,0.00925749,98.8867,178.093,318.8903,40.533
7177.494742040801,0.0030647018243145866,98.75608814068643,309.0349713246155,101.29971539715375,7170.430078994889,7.459503357701048,100.8600210917719,-0.7677088086209275,-0.6224545745232922,-0.15222840674743768,33719,1999-025DHG,0.0096,11.055812783082736,789.0,832.0,2026-09-01T15:49:11.025696,0.34084461,14.24403392,0.00296569,98.751,308.6934,43.1735,111.0004
7191.992588635886,0.004871655061374303,99.09483768091647,296.07311875141016,327.74735490916606,7199.770133533328,7.43660336074942,101.16576661721373,-0.8869413325261453,-0.4339922025983901,-0.15806910115687947,33745,1999-025DJJ,0.0078,9.965574970333758,775.0,851.0,2026-09-01T14:01:54.010560,0.41534709999999997,14.23717251,0.00525368,99.0973,295.6385,234.4483,125.179
7208.808067294283,0.0035402537842715047,98.5520775172444,251.12490513192506,351.2413090114115,7189.635531980995,7.455764953147195,101.52077492809022,-0.9357050826267023,0.3199091163583316,-0.1487082903451844,35089,1999-025DJR,0.0082,10.217907939900583,805.0,845.0,2026-08-31T05:46:01.989120,1.7596991999999998,14.20119866,0.0028152,98.5572,249.4214,27.3667,332.8986
7211.341390951122,0.005540170141625554,99.18264683881289,272.06010607249453,19.608615139404368,7172.558609001766,7.474747549358144,101.57429436682824,-0.9865465918152578,-0.03548720211239702,-0.1595822066019047,35090,1999-025DJS,0.0102,11.396070970426019,790.0,868.0,2026-09-01T06:59:06.307872,0.7089547700000001,14.1890497,0.0054542,99.1871,271.3295,353.5749,6.472
7176.367534200872,0.006674013709850564,98.47269033257115,253.1463955790529,343.5567142201556,7150.632595822208,7.4795241275991176,100.83626229846294,-0.9466036335951953,0.2867631054874319,-0.1473379862614431,35102,1999-025DKE,0.0097,11.11324596323283,750.0,837.0,2026-08-30T23:21:32.437440,2.0267079,14.29466058,0.00604569,98.4772,251.1715,43.4103,317.1817
7174.713661043104,0.005391267647148736,98.64056546582559,292.43267300442045,297.2462200502493,7172.639244768588,7.455764267392448,100.80140606140532,-0.913837690236597,-0.37726650607834383,-0.15023534635524477,35116,1999-025DKU,0.0101,11.340070282773887,763.0,846.0,2026-08-30T20:05:33.860544,2.16280254,14.26128851,0.0057685,98.6374,290.296,9.2088,351.0136
7096.777280964035,0.0009336060391842557,98.83665275010397,336.54246945118445,83.77830696501123,7092.502448823655,7.49894041186978,99.16341942216779,-0.3933442483261043,-0.9064666661202387,-0.15361798567105156,35159,1999-025DMP,0.0069,9.373021315815206,721.0,740.0,2026-09-01T17:40:54.899328,0.26325348,14.48549497,0.0013166,98.8311,336.2686,107.3409,44.4896
7193.129449062403,0.005681416145073022,98.57512694050304,250.83512055438638,51.039599415337456,7233.791474516286,7.402099205952804,101.18975494174926,-0.9340185353800188,0.32461784980162756,-0.1491060936270979,35175,1999-025DNF,0.0056,8.444016491289505,779.0,860.0,2026-08-30T19:23:45.178656,2.19183821,14.21670562,0.00565874,98.574,248.711,242.3312,117.2116
7216.666851466151,0.004760048880508009,98.68670252686874,286.4551627800001,306.9494191945841,7236.927852320817,7.411075912182071,101.68683162988299,-0.9480404990710786,-0.28001558486491857,-0.15103140187993314,35231,1999-025DQP,0.0086,10.464157913908984,817.0,871.0,2026-09-01T08:58:17.812992,0.62618272,14.14546329,0.0037865,98.6852,285.8409,56.0592,304.4172
7113.384804393443,0.0032369659065145003,98.77746795336856,357.027894110441,237.9970666831179,7107.124270150568,7.492262100446069,99.51170890164686,-0.05124253291542123,-0.9869591170820372,-0.1525971953512165,35233,1999-025DQR,0.0058,8.593479713983122,713.0,771.0,2026-08-31T19:21:02.778624,1.19371784,14.4496319,0.00408205,98.775,355.8005,195.2847,316.2972
7192.119331729406,0.0054528379475129495,99.35486017461257,229.38824428588475,3.612508926805887,7203.863058080559,7.432438130248326,101.16844086608528,-0.7490416381153218,0.6422729638508308,-0.1625486520269688,35240,1999-025DQY,0.008,10.092530088080641,775.0,841.0,2026-09-01T22:17:53.039904,0.07091389,14.25167143,0.00464801,99.3607,229.3134,121.5651,239.0077
7214.777235889551,0.005330952102629793,98.73109916110737,285.7845247397131,348.03686269171226,7253.237452952209,7.3933673428891185,101.64689564981973,-0.9511401188920253,-0.268868077701747,-0.1517973353752671,36152,1999-025DRZ,0.0084,10.341765891652821,792.0,871.0,2026-09-01T08:49:04.656000,0.632585,14.18227487,0.00552476,98.7361,285.1597,178.0748,182.065
7136.362267520222,0.004402799671634413,99.10306521844149,191.84094802201403,264.0977643816899,7165.050137951094,7.443626770310683,99.99425810174009,-0.20261120671949118,0.9663943359796555,-0.15821089184412077,36182,1999-025DTF,0.0112,11.941642642883693,754.0,786.0,2026-09-01T02:42:53.816832,0.8868771200000001,14.36569342,0.00226887,99.0974,190.9059,33.7792,326.4833
7199.8717728524325,0.00277831400900789,98.4584330444118,262.7152390384707,339.07985649134895,7180.108203054016,7.461027548684095,101.33206030673678,-0.981138837205965,0.12542155557378545,-0.1470918608338976,36206,1999-025DUF,0.0067,9.236181543108382,797.0,839.0,2026-08-29T06:36:31.700160,3.7246330999999997,14.22208402,0.00294138,98.4624,259.1368,344.9908,15.0395
7169.690257331937,0.005458177049082615,98.94431027904524,5.618836202958578,80.1835642286213,7206.972059957674,7.4175481614514664,100.6955598484455,0.0967194851738145,-0.9830936148692687,-0.15547438885869977,36244,1999-025DVV,0.0095,10.998079684646791,768.0,837.0,2026-09-01T18:34:22.976256,0.22612295999999998,14.26697329,0.00482894,98.939,5.3899,244.7769,114.84
7179.276348027998,0.005431605526712707,98.92509235346058,136.8944224804994,335.54871468283574,7191.708953934757,7.438347587332116,100.89757680744972,0.6750709207331288,0.7212557717438284,-0.15514304272747886,36262,1999-025DWP,0.0106,11.617374563210367,755.0,841.0,2026-09-01T10:39:46.166112,0.55571567,14.28107749,0.00593287,98.9288,136.3221,233.2976,126.2745
7099.774637551352,0.0041387840448600215,98.98431709447446,147.38194437247967,65.0168814531897,7117.560910368435,7.474095011830725,99.22624924583968,0.5324228708395943,0.8319487106267439,-0.15616411077268336,36263,1999-025DWQ,0.0102,11.396070970426019,707.0,754.0,2026-08-30T12:01:10.049664,2.49918924,14.48555158,0.00332675,98.9806,144.7307,203.1649,156.8045
7222.238832435898,0.0068127957758238504,98.58860088110788,217.79037889274653,211.12518371062703,7271.2563332796035,7.378793439611281,101.80462280458303,-0.6059027790292213,0.7813960566618857,-0.1493386252712999,36279,1999-025DXG,0.0108,11.726460285670079,798.0,888.0,2026-09-01T04:20:12.282144,0.81930229,14.14854035,0.00624037,98.5911,217.0065,23.3221,337.0763
7182.888753480121,0.0032954752912438467,98.93643654388258,336.4174633856377,308.6457854291781,7159.994524694705,7.473147630999196,100.97373952588804,-0.395213378206328,-0.9053597593756307,-0.15533863585741303,36652,1999-025DXW,0.0096,11.055812783082736,775.0,844.0,2026-08-29T23:45:36.937440,3.00998915,14.24662806,0.00484768,98.9352,333.3504,324.4833,35.3121
7214.359707745377,0.004349620868996691,98.60734057639372,251.43242951100675,224.68874926893562,7193.582950639044,7.454537901008814,101.63807212881112,-0.9372722461875652,0.31483649186958707,-0.14966201894190678,36668,1999-025DYN,0.0106,11.617374563210367,802.0,876.0,2026-09-01T05:59:04.501824,0.75064234,14.15978103,0.0051086,98.6074,250.7126,191.5117,168.4893
7136.223444984218,0.0011467815756978958,98.97696889974515,272.2620548264435,177.94690698223133,7132.666267446438,7.47740922980709,99.99134035699848,-0.9869814414039992,-0.0389865860871085,-0.15603743278251037,36696,1999-025DZS,0.0108,11.726460285670079,737.0,767.0,2026-08-30T12:53:22.005600,2.46293975,14.41976591,0.0020988,98.9827,269.6715,275.0276,84.8516
7196.02120027566,0.00887340921900232,97.8113305795464,28.11798007160085,168.8842514134211,7173.537399110186,7.465856157207073,101.25078088443719,0.4669155836473929,-0.8737951149979695,-0.1359114960292165,36703,1999-025DZZ,0.0068,9.304852983362556,744.0,881.0,2026-09-01T04:38:51.760896,0.8063453599999999,14.23832094,0.00981697,97.8159,27.3989,246.5935,112.4899
7224.582274478568,0.0026439899517030417,98.73969849234192,223.9954803316287,258.50099819440817,7214.443056644494,7.438271408389401,101.85417653518938,-0.6865364978055842,0.711041593151186,-0.15194568105038841,36729,1999-025EBB,0.0066,9.166995688475081,825.0,890.0,2026-09-01T04:03:03.206304,0.8312128899999999,14.10544883,0.00450691,98.7347,223.19,231.6041,128.1078
7179.113096913295,0.005718948621517233,99.24437676636575,171.10618455230147,245.9290016102867,7220.141429550339,7.408861707647899,100.89413532934363,0.15259577208113043,0.975144856080897,-0.16064569711613982,37028,1999-025EDL,0.0086,10.464157913908984,785.0,835.0,2026-09-01T00:56:18.628800,0.9608954999999999,14.24628052,0.00349465,99.2405,170.1002,70.3563,290.1381
7172.71917530529,0.005374917628091965,98.54177041422771,257.298164345272,92.22480245724607,7210.537775520657,7.415443129535284,100.75937658049081,-0.964706795646394,0.2174385433079964,-0.1485303952656264,37046,1999-025EEE,0.0086,10.464157913908984,772.0,841.0,2026-08-28T06:42:34.854048,4.72042993,14.25628191,0.0047953,98.5364,252.702,272.6069,86.9622
7159.316868891706,0.005726550987128501,98.45767397279675,246.24711548717056,317.2685823434903,7194.821764390537,7.424706657125468,100.47710349905914,-0.9053372129314095,0.39841231184659265,-0.14707875662596995,37404,1999-025EFW,0.0086,10.464157913908984,751.0,816.0,2026-09-01T11:29:53.082240,0.5209134,14.32508528,0.00450751,98.4581,245.7335,104.9914,47.8338
7191.448289580958,0.0030350600626683558,98.62679597607412,281.2295864324104,37.51445915414916,7177.702068590101,7.459175884124043,101.15428230560619,-0.9697576673842649,-0.19253763927522335,-0.14999774668892002,37435,1999-025EHD,0.0088,10.585134856802455,786.0,842.0,2026-08-29T19:54:29.289888,3.17049433,14.23400447,0.00392314,98.6282,278.1266,340.8516,19.1186
7221.730851886729,0.003257571614100003,98.71066669046446,283.56349103566663,165.1675933780306,7198.2211268222545,7.453530826700228,101.79388225860235,-0.9608980298301079,-0.23181767699880831,-0.15144484441371112,37438,1999-025EHG,0.0102,11.396070970426019,818.0,859.0,2026-09-01T07:57:37.289376,0.66831841,14.16085301,0.00289044,98.7154,282.9069,188.9431,171.1232
7202.892449869922,0.0029466083349708864,98.7692475029935,306.94223347641525,229.9709788048754,7191.2949376289125,7.451002156367239,101.39583717762508,-0.7898990071750396,-0.5939839302769913,-0.15245540015553755,37447,1999-025EHR,0.0077,9.901487006738307,801.0,857.0,2026-09-01T09:22:51.407328,0.60912723,14.18875537,0.00386076,98.7683,306.3454,196.6066,163.3848
7100.368443919289,0.0022406811946909222,98.90428130310708,306.4701794875986,348.7420501053705,7114.450793646383,7.477683793478377,99.2386980375963,-0.7944747674975866,-0.5872407448777797,-0.15478420903001158,37689,1999-025ELE,0.0062,8.884866446580956,701.0,732.0,2026-08-31T14:59:29.132736,1.37535726,14.52718444,0.00216454,98.9096,305.0082,168.0723,192.0988
7172.078305111108,0.007447863415829769,99.0945236640695,12.076214644144512,260.64917668684956,7207.071592927632,7.418692897963634,100.74587286511142,0.20658260600632378,-0.9655772869013629,-0.15806368942878435,37907,1999-025ENG,0.0089,10.645107772184812,762.0,849.0,2026-08-30T15:12:47.586240,2.3661159,14.25953647,0.00603331,99.0891,9.6251,154.8542,205.5596
7142.687639399056,0.0051178605551550115,99.05856323975323,211.79111667637318,110.34073139133062,7166.414398453298,7.445526319238086,100.12723362471269,-0.5202534328306333,0.839373443425401,-0.1574439204927483,37918,1999-025ENT,0.0111,11.888212206450685,736.0,813.0,2026-09-01T03:24:20.428704,0.8580968899999999,14.35255484,0.0053725,99.0542,210.8876,235.6628,123.9466
7167.140601618329,0.005177029196082362,99.08601945454822,197.61115276724937,91.52672553941092,7185.207805946685,7.438770105796871,100.64185121380056,-0.29875907212183606,0.9411722466102258,-0.1579171271127983,37919,1999-025ENU,0.0105,11.562445770562217,766.0,836.0,2026-08-30T02:35:40.079328,2.89189723,14.27296323,0.00486572,99.0803,194.6092,346.4061,13.5805
7145.411294365931,0.006971642181183337,98.88122497512374,133.87421403113922,151.43577441506352,7192.978258339353,7.41932051632072,100.18450997088402,0.7122203226407905,0.6847678279647565,-0.1543866373812129,37928,1999-025EPD,0.0079,10.02925341359355,714.0,816.0,2026-08-31T12:13:40.818144,1.4904997899999999,14.37952879,0.00716596,98.8843,132.3289,342.1932,17.6744
7216.569783825137,0.008428918581872231,98.68433582069237,283.11835421349326,17.419068478445816,7215.6415536546465,7.432917990478073,101.68478003157296,-0.9627377080144655,-0.22436121257969702,-0.1509905687677927,38116,1999-025EPM,0.0095,10.998079684646791,782.0,886.0,2026-08-29T08:06:30.153600,3.6621509999999997,14.1747577,0.00722746,98.6888,279.5409,121.9484,299.2583
7173.832519661137,0.009691395826638447,98.38049732206179,230.4934787617778,245.68497200349688,7231.39338315046,7.394495289633418,100.7828371886954,-0.7633135478296764,0.6293730594022499,-0.14574628571021767,38149,1999-025EQW,0.0066,9.166995688475081,748.0,861.0,2026-08-31T04:45:51.791040,1.8014838999999998,14.26195302,0.00786196,98.377,228.7744,113.1959,247.7528
7182.2055962788845,0.01047090754691442,98.4328905642548,145.10320180848356,345.95379028092805,7178.197972154812,7.45387842320859,100.95933460480592,0.5659146731431618,0.811316274794758,-0.14665089489813993,38155,1999-025ERC,0.0109,11.780624362746346,730.0,868.0,2026-08-29T13:39:15.647040,3.4310689,14.27786816,0.0096627,98.4376,141.7864,83.8164,277.4015
7160.056309009741,0.004655805848093604,99.07697416439086,5.622202888065341,191.29005019563712,7193.361370628056,7.426608494839851,100.4926703585115,0.09674172436468324,-0.9827270379915611,-0.15776123594622493,38166,1999-025ERP,0.0093,10.881694613449238,741.0,812.0,2026-09-01T01:21:00.508896,0.94374411,14.34563322,0.00493014,99.0823,4.633,1.7385,358.3961
7102.685071004169,0.003501033147966245,98.89380875989147,27.062846261002345,89.00986063479388,7111.379435127721,7.482142760586601,99.28726970160523,0.449497281482747,-0.8798010638041538,-0.15460362889886975,38725,1999-025ETS,0.0094,10.940041919714261,713.0,760.0,2026-09-01T20:16:05.860992,0.15548772,14.46694053,0.00330167,98.8881,26.9,190.0623,169.991
7209.849191139514,0.008239806218190572,98.6294551351811,236.10708715309417,7.259301117464273,7253.945005734081,7.3900877741321676,101.54276875454471,-0.8206842305453261,0.5513295766340457,-0.1500436325298403,38819,1999-025EVK,0.0058,8.593479713983122,768.0,883.0,2026-08-30T06:04:05.693952,2.7471563199999998,14.19824441,0.007979,98.6347,233.4287,162.0421,212.0236
7180.431503219554,0.0062702869834699885,98.7139478273245,314.8718396646206,318.92533986378913,7220.4750257369,7.409205425607496,100.92192962009676,-0.7005063360058356,-0.6973795120160452,-0.15150145027669587,41822,1999-025EXZ,0.0111,11.888212206450685,765.0,843.0,2026-09-01T15:46:34.969152,0.34265081999999997,14.26363969,0.00549007,98.7147,314.5254,175.7473,184.4185
7174.772998393191,0.0064307313443728005,98.72836086673858,318.1450657329432,55.99005194375369,7194.629177164541,7.432978774292763,100.80265655744671,-0.659519456236937,-0.7362105642893462,-0.15175009678315649,41825,1999-025EYC,0.0095,10.998079684646791,763.0,842.0,2026-09-01T10:16:14.673504,0.57205239,14.26691315,0.00551469,98.7263,317.58,176.5748,183.582
7181.998521106789,0.0060643650364574165,98.73312234534657,322.0615226393669,183.7045018440679,7141.691135271968,7.491756269456173,100.95496839293337,-0.6076869826870962,-0.779527743436227,-0.15183223730774878,41830,1999-025EYH,0.0069,9.373021315815206,759.0,836.0,2026-09-01T04:38:56.531040,0.8062901499999999,14.28205648,0.0053964,98.7386,321.2554,171.735,188.4733
